Age,Income,LoanAmount,CreditScore,MonthsEmployed,NumCreditLines,Default
25,26683,77716,754,257,9,0
58,66729,172548,678,207,1,1
53,40906,13026,524,193,2,0
42,34354,33734,656,302,4,0
42,37858,100381,684,179,11,1
63,45375,77363,741,277,12,0
25,56345,209594,640,328,6,1
55,23159,72476,723,244,1,0
30,22632,44253,672,12,1,0
25,73686,226452,567,95,11,1
46,31991,125053,546,223,6,1
68,18412,36928,745,172,1,0
57,51231,137163,761,102,11,0
58,51785,191556,691,121,7,1
56,17294,21100,775,28,5,0
59,45534,163024,748,84,6,1
46,60148,39753,723,282,3,0
27,49311,133103,592,3,12,1
62,56817,181616,806,302,10,1
43,18539,47720,698,122,3,0
45,48150,102727,634,291,9,1
39,33981,87813,607,92,3,1
29,30775,26502,680,299,6,0
66,64783,71107,536,206,9,0
59,90545,117584,733,307,1,0
52,107678,270464,606,22,9,1
40,82714,160054,704,287,3,0
61,37784,45513,620,97,9,0
47,48727,173780,643,129,6,1
42,61191,103016,608,16,1,0
43,42901,83671,650,344,10,0
32,43128,78316,814,231,4,0
25,63137,61444,780,354,12,0
48,38847,116814,690,205,11,0
64,26873,52652,656,57,3,0
24,31954,11508,727,121,8,0
63,56877,219935,757,158,5,1
61,40201,133400,596,53,8,1
34,48393,144074,658,336,7,1
51,58020,203977,522,345,4,1
29,32658,119371,750,203,8,1
58,60836,94217,833,210,4,0
55,49433,126576,671,253,11,1
38,20350,51945,486,245,12,1
24,88722,114363,725,22,2,0
68,30473,34167,587,191,9,0
42,16150,11652,602,280,12,0
64,22589,61882,707,291,2,1
54,22889,73002,677,215,9,1
59,41303,128681,623,323,12,1
58,34523,50756,608,211,3,0
30,33348,35331,670,138,7,0
38,56435,111649,634,159,10,0
43,48384,112406,576,249,5,1
45,47754,176720,638,320,3,1
23,50282,177840,692,82,5,1
47,56324,207803,653,105,5,1
28,12590,43385,541,235,9,1
57,32845,127076,739,275,5,1
54,12099,24468,435,144,5,1
66,40939,19473,627,232,12,0
57,40033,24387,612,2,7,0
38,71328,124398,683,105,12,0
68,77126,96673,718,344,9,0
41,44870,41674,754,208,11,0
36,30479,116639,602,313,3,1
65,52409,53617,713,78,12,0
39,30021,115572,675,104,12,1
24,40104,124928,525,351,1,1
44,69035,184427,823,360,5,0
59,29532,82727,544,316,5,0
30,62513,95423,702,114,6,0
43,58254,156807,699,289,10,1
27,23739,23520,679,165,9,0
54,68572,258483,631,304,3,1
44,58936,83491,734,307,8,0
37,42449,52815,538,156,12,1
32,26390,77357,653,109,6,1
48,25020,68276,612,351,12,1
53,29860,58818,605,162,8,1
67,54091,142803,701,155,12,1
42,23728,21121,743,240,11,1
28,51054,142508,638,338,1,1
61,20273,26380,719,47,10,0
51,35874,46977,665,355,3,0
55,42630,38370,591,152,10,0
25,154018,235616,676,9,10,0
36,18816,28706,632,111,4,0
58,90184,178606,621,166,1,1
61,43583,43781,697,244,6,0
42,50319,51030,684,204,4,0
60,42834,98708,536,49,7,1
62,51257,39819,533,176,1,0
39,36882,105074,695,84,1,0
65,89297,338668,612,97,6,0
35,31224,58674,684,256,10,0
32,74812,271874,735,289,4,1
54,28158,18690,557,56,4,0
52,38827,17819,549,217,2,0
27,22257,66082,791,152,4,0
61,51548,160612,694,121,4,1
30,88860,303840,643,257,4,1
60,38463,19625,587,89,5,0
21,36016,114335,620,276,4,1
60,21741,36812,561,144,9,1
59,35380,50323,731,34,5,0
59,16713,15713,593,286,10,0
53,24292,96810,745,307,8,1
44,45467,24350,632,203,8,0
55,82906,278558,591,261,8,1
34,188163,500000,672,53,12,0
59,29068,87779,449,122,4,1
48,88381,259253,667,126,12,1
43,45893,159534,650,275,3,1
45,36931,36194,727,127,2,0
48,50916,15430,514,262,10,0
22,41525,104417,755,110,11,1
27,42647,68631,728,216,2,0
33,32062,24303,760,75,8,0
26,18602,18392,651,201,7,0
42,17171,26228,736,29,3,0
53,57485,32184,550,265,7,0
53,34469,17599,717,10,9,0
44,28916,106680,597,360,7,1
62,40323,58661,530,302,7,0
48,62144,244490,579,208,11,1
24,44320,171437,664,328,3,0
58,27978,23152,592,291,8,0
49,78784,232036,704,51,4,1
52,95660,241348,534,268,12,0
48,52681,150425,496,136,4,1
48,68563,44971,780,308,11,0
25,79465,79280,746,311,8,0
48,74724,43606,588,344,3,0
59,56261,142638,667,162,10,0
35,55776,220337,748,69,3,0
50,53413,148827,700,45,4,0
22,21949,64307,668,59,5,0
38,59006,232659,755,358,9,1
42,19040,53477,597,211,5,1
69,25925,11632,660,126,7,0
31,82204,288365,673,162,7,1
34,63712,105081,647,62,3,0
41,90950,28753,646,206,3,0
69,34564,75238,666,153,4,0
62,21296,80221,659,288,3,1
22,35163,44028,577,7,12,0
32,42451,89937,727,336,5,0
61,41917,39527,584,21,5,0
23,74871,38443,655,150,9,0
62,32902,19676,636,122,10,0
34,48709,145637,693,259,9,1
65,23301,81485,487,237,7,1
35,51414,42684,737,71,12,0
42,40204,54950,608,177,11,0
53,26572,27146,756,192,3,0
27,35253,14079,622,167,2,0
48,36268,85146,657,7,5,0
45,34593,99964,813,64,11,0
59,106323,286769,660,181,12,1
69,38020,65995,761,94,9,0
53,35097,82602,664,196,9,0
41,12663,8208,687,59,3,0
40,24543,21375,663,265,8,0
41,34728,130148,728,68,3,1
60,27523,85805,603,234,7,1
36,85814,318725,597,302,3,1
29,36654,135316,610,129,1,1
37,81523,220337,682,50,12,1
22,41520,155056,645,2,11,0
26,40965,75450,719,130,9,1
25,38222,11978,766,41,8,0
58,40219,21377,584,318,3,0
56,103294,72833,622,351,7,0
55,12000,7834,539,354,9,0
43,13348,21374,816,332,7,0
56,29770,86175,683,211,4,0
28,40457,130490,701,117,5,0
65,58663,145707,560,161,11,1
45,52062,43827,666,93,4,0
66,32489,99651,700,303,12,1
28,70296,113371,651,157,10,0
45,70729,24619,757,139,11,0
55,44411,59430,848,249,7,0
45,68150,103808,595,134,3,1
42,46628,61302,582,128,1,0
29,29472,97373,589,82,7,1
39,58912,183318,796,24,5,1
32,42652,122562,746,13,2,0
35,40164,32706,651,145,12,0
54,90231,296768,680,359,12,0
51,12000,33667,588,94,5,1
50,18403,18788,727,231,9,0
38,20892,56366,626,117,5,1
68,32866,68657,639,109,6,1
25,34890,67184,709,58,8,0
37,17518,12523,640,203,5,0
26,23346,51775,638,237,10,1
37,24998,16742,658,126,3,0
68,155062,140756,760,190,9,0
38,108116,85457,814,171,12,0
65,32001,122570,706,97,11,1
45,32861,44494,724,249,1,0
55,21331,34434,640,199,2,0
43,14052,20961,598,23,8,0
34,37636,136375,714,177,12,1
58,23183,55244,671,140,11,0
68,38305,141763,548,287,11,1
33,16645,23465,629,110,2,0
59,26395,19133,651,345,7,0
33,43553,102698,622,222,9,1
56,49090,77488,783,47,8,0
59,50494,164967,704,145,10,1
43,19414,68995,766,319,3,1
57,64220,131556,690,91,6,0
34,25845,100641,664,254,6,1
24,56844,133364,592,282,12,0
25,39901,51967,663,250,3,0
42,18826,39708,657,32,4,0
65,33728,14774,551,135,1,0
27,49067,160685,622,125,2,1
43,56226,37970,641,124,12,0
55,37140,53570,694,317,11,0
30,93198,222899,715,2,4,1
56,69852,32063,624,194,9,0
35,34851,20683,698,354,8,0
60,60631,174352,654,316,11,1
49,116260,65754,455,218,4,0
47,117980,243653,647,360,12,1
29,20427,31727,742,145,5,0
43,24111,27580,523,220,9,1
62,90826,90688,686,196,5,0
21,22425,70070,784,17,9,0
58,19392,74091,595,14,5,1
45,30718,25148,659,323,11,0
56,50571,194740,561,62,8,1
53,37937,94866,792,128,4,1
42,28063,75044,652,225,12,1
36,27700,81070,662,207,9,1
51,27125,78805,766,185,6,0
27,24742,82473,710,353,2,1
49,140772,294049,622,284,12,1
25,47270,107465,612,339,10,1
52,65363,97924,709,237,9,0
51,30669,21145,609,353,10,0
25,36233,99973,491,217,8,1
58,27107,11503,654,195,3,0
41,12000,15838,535,294,3,0
59,18809,12200,785,313,1,0
23,14826,14910,669,24,1,0
29,12000,31960,581,328,9,1
45,20797,54600,600,249,11,1
30,83177,154535,524,324,2,1
37,39166,24817,574,258,7,0
53,81618,155359,756,334,2,0
28,50314,80762,844,99,5,0
54,61723,183052,727,67,10,0
26,24453,59724,650,70,10,0
29,53539,113438,632,91,12,1
49,59922,125946,591,77,4,0
59,29227,113263,824,159,12,1
29,54598,169160,651,71,10,1
35,54798,117203,836,57,5,0
66,29666,61501,770,189,4,0
69,21644,8614,517,286,2,0
49,20926,79253,603,48,12,1
42,42091,62334,609,184,3,0
37,48043,59908,658,238,4,0
51,25955,103763,653,254,5,1
49,40726,120514,850,37,2,0
35,54929,26105,580,264,10,0
22,56388,29828,685,9,9,0
28,94234,37162,728,85,2,0
67,81011,204033,674,115,2,0
41,23139,13069,666,307,1,0
44,101313,380282,597,69,12,1
43,29970,112884,668,282,6,1
59,71302,165449,712,356,8,0
24,41664,107558,689,346,2,0
25,31994,44152,705,109,3,0
34,14850,7970,767,34,7,0
44,36521,110608,736,80,3,0
53,17023,11518,661,277,8,0
45,68324,42126,577,71,12,0
42,92433,134169,630,233,4,0
66,25892,8962,640,134,8,0
28,47386,90314,684,276,11,1
49,26931,78596,620,218,11,1
47,28405,92742,584,211,1,1
44,61450,155833,573,282,2,1
60,39293,134910,530,344,12,1
34,104486,188499,663,131,12,0
67,30785,105914,542,190,4,1
37,69538,151172,591,225,7,1
47,42344,47647,631,297,7,0
46,62173,235843,562,174,9,1
62,31384,41345,690,135,10,0
42,39056,15503,721,305,5,0
34,37665,45119,617,344,11,1
22,25341,41984,623,205,1,0
38,57765,92424,710,37,1,0
61,57391,128629,610,104,12,1
21,55629,198460,604,167,3,1
64,93464,129135,774,253,12,0
47,89067,198339,747,241,4,0
27,32656,50895,708,296,5,0
35,49275,164606,739,10,1,0
48,28482,25153,500,168,12,0
36,40654,27766,771,253,5,0
26,28858,62365,690,356,3,0
53,97835,272567,760,51,6,0
53,49022,159000,696,317,2,1
26,35599,88343,665,2,10,1
34,77381,244775,651,71,1,0
32,12163,21322,683,305,6,0
53,13257,5589,629,284,5,0
56,62175,45361,738,351,1,0
56,41492,18392,536,216,1,0
66,46062,69880,620,222,7,0
58,19351,41282,819,193,5,0
36,39625,64128,612,184,2,0
26,120805,286817,667,185,2,1
51,63153,131248,598,105,10,0
65,44061,123740,690,308,9,0
68,31525,87254,601,128,8,1
32,32305,47709,645,220,11,0
32,12443,19672,722,241,1,0
22,46245,113996,608,194,9,1
27,63896,160175,732,220,10,0
48,16872,24707,721,17,3,0
47,27896,42463,743,114,7,1
39,21235,60901,668,161,10,1
36,23601,63615,850,142,8,0
61,41333,33054,747,327,3,0
43,12754,24639,680,323,8,0
60,56266,202727,597,256,10,1
68,60756,26388,660,127,1,0
36,34958,121098,775,18,7,1
30,12000,10845,790,272,7,0
67,23201,50504,775,319,5,0
52,79071,147866,737,176,1,0
35,12000,4050,553,298,2,0
51,33152,122230,699,335,10,1
46,20973,41594,557,197,10,0
65,62474,239325,550,75,6,1
33,27686,37679,677,8,12,0
69,50120,175682,707,273,12,1
66,54776,203375,739,203,8,1
29,110186,260070,723,55,7,1
29,35896,37687,703,19,12,0
47,49356,139945,586,349,8,0
23,17734,41342,647,115,12,0
35,77244,293122,553,118,12,1
42,26416,50859,498,227,3,0
68,29483,38136,718,131,8,0
69,39647,32180,602,329,9,0
28,16991,49018,725,245,10,1
64,45516,177704,752,129,5,1
25,68330,27665,621,96,11,0
57,47151,143322,711,310,6,0
62,16749,62468,602,213,5,1
64,37493,21622,514,331,2,0
31,60362,42714,678,124,4,0
64,14287,40864,617,7,12,1
26,22223,59946,621,324,9,1
46,64997,36051,828,86,9,0
44,46563,157726,542,305,11,1
36,50341,112596,696,256,4,0
22,111605,408098,604,83,8,0
58,51933,184288,738,273,5,0
37,57632,190547,691,29,11,1
53,178244,393710,734,141,6,0
41,35682,43936,585,128,11,1
39,25878,56210,597,237,9,0
64,50782,34176,739,192,10,0
25,51095,139884,807,220,12,1
57,30041,23904,697,171,10,0
57,22747,49846,585,267,4,0
39,142973,71660,720,57,7,0
33,48039,67648,850,259,6,0
21,26829,31087,666,18,1,0
66,66421,172304,787,30,8,1
67,37796,121367,602,261,6,1
32,34923,17881,657,57,5,0
22,54680,188430,716,278,2,0
27,19722,68728,688,47,7,1
24,48725,76323,603,52,7,0
61,114935,314728,620,336,2,1
64,51865,92821,745,64,8,0
28,32633,28407,755,329,3,0
57,30366,68507,780,125,2,0
29,32026,19841,804,287,5,0
38,34903,123918,671,339,5,1
50,32605,121286,635,42,11,1
56,66434,221887,778,119,1,1
63,15471,36842,712,207,5,0
23,64479,152371,591,312,9,1
30,32571,128429,577,67,3,1
34,49381,60108,704,67,12,0
36,21594,12546,642,132,9,0
69,83345,198293,673,73,12,0
59,79626,120753,760,96,12,0
36,68035,101553,731,46,2,0
68,17446,5691,762,299,6,0
45,63324,158695,514,287,9,1
45,50145,64031,685,52,1,0
42,16599,16517,711,193,6,0
28,39602,17805,540,233,9,0
66,49045,80833,612,226,10,1
21,54494,193573,599,355,5,1
29,44245,68389,665,231,11,0
32,47107,132492,794,248,9,0
34,90263,279745,839,11,1,0
27,78772,119259,608,28,4,0
21,12000,40081,696,223,12,1
54,33705,96395,705,327,1,0
68,36660,86855,692,144,2,1
26,15311,4650,687,232,5,0
35,42269,18169,687,75,12,0
45,79763,316356,809,164,9,1
66,22079,70530,745,271,2,1
55,48292,182012,580,238,5,1
58,24253,88245,721,41,12,1
49,27735,10418,730,317,3,0
41,90451,292142,702,334,7,0
30,29780,58644,749,172,6,0
63,51752,166712,681,123,10,1
60,14340,4658,670,191,10,0
22,111779,152728,693,289,10,0
56,55908,172191,505,163,2,1
25,36302,117407,654,10,6,1
57,55080,142819,613,26,9,1
61,18483,26147,561,292,6,0
27,76910,111392,788,284,9,0
42,33584,130206,700,278,8,1
27,35874,69061,658,45,5,0
48,30626,59854,614,61,2,1
66,29163,68347,682,142,12,0
24,58810,106749,747,83,10,0
40,46201,108336,598,139,11,1
68,57438,109112,667,201,4,0
35,39941,134156,731,101,4,0
27,53224,194986,511,44,4,1
44,31877,119501,655,145,1,0
45,136811,326690,657,260,3,0
53,16943,32801,644,223,4,0
36,80299,233621,634,116,12,1
67,85165,289714,687,112,3,1
46,25117,59855,811,210,7,1
35,136776,395273,665,62,7,0
68,69391,213308,694,300,5,0
66,68468,191892,830,313,12,0
45,40758,124748,618,9,2,1
22,35615,38179,806,350,11,0
50,35769,76688,661,8,9,1
48,49751,123213,807,165,4,0
28,86738,26817,736,240,10,0
52,44344,153743,688,118,6,1
62,24312,62168,652,73,12,1
26,63161,49127,619,17,1,0
56,66612,221187,676,262,1,1
27,57530,169892,739,13,7,0
57,60477,187824,667,174,12,1
41,34579,60533,635,141,1,0
21,24078,83323,637,349,10,1
68,24897,45609,737,335,12,0
29,16326,39360,753,295,6,0
50,45721,13825,610,263,11,0
29,38334,102966,608,195,10,1
66,31508,93177,690,126,3,0
57,12000,28780,776,60,11,1
60,20211,43196,748,349,9,1
42,74344,245095,572,138,1,1
43,27846,78556,637,154,7,1
52,48939,65034,590,50,8,0
59,18678,71884,634,99,10,1
62,88547,258282,805,229,10,0
21,37078,146657,547,153,6,1
53,47076,183298,535,211,4,1
26,144232,500000,627,76,3,1
35,92415,286013,701,29,2,0
61,33907,86629,710,319,8,1
33,28962,27138,694,155,12,0
60,33555,77525,754,130,1,1
43,53127,166388,525,103,9,1
32,37878,84361,756,237,8,1
37,32293,113429,635,203,3,1
47,89945,63477,736,140,3,0
58,37691,64432,555,336,4,1
50,142169,308801,693,325,9,0
66,42189,80142,682,71,4,1
63,107144,75190,775,231,10,0
57,48851,42405,538,349,5,0
50,68161,231692,673,176,2,0
35,26943,56371,571,10,2,0
41,25095,12052,698,47,5,0
26,51681,18658,728,241,5,0
39,69127,141839,774,325,9,0
66,41033,37266,620,46,6,0
41,19781,57542,730,197,2,0
26,18994,61592,765,179,3,1
52,18308,20957,524,102,7,0
68,15181,37817,704,228,5,0
63,42626,37146,739,316,9,0
34,74516,106055,652,86,12,0
43,39840,142968,565,19,5,1
47,12000,27758,729,129,7,0
33,36137,129291,565,113,10,1
34,36697,41593,647,262,3,0
32,127109,193344,685,193,7,0
69,18008,36782,713,6,4,0
57,32375,67220,610,122,8,0
62,102562,409355,626,265,9,1
61,51405,37189,673,172,2,0
67,54711,188877,747,203,3,0
26,42746,149424,846,95,1,0
64,48121,112932,544,115,1,1
24,61555,96822,694,46,1,0
44,25714,57114,571,29,9,1
50,65051,89909,751,13,11,0
38,18861,61425,581,225,5,1
28,48079,103064,610,56,11,1
30,44281,164974,616,207,9,1
61,28596,74463,652,344,10,1
36,39637,87320,688,251,9,0
36,28498,83526,697,207,3,1
66,22260,48183,656,42,7,1
28,33041,120490,554,176,7,1
65,21869,21485,715,321,8,0
66,47932,187001,660,138,10,1
50,21321,70468,749,298,2,0
29,59373,206898,611,255,9,1
28,20956,43730,528,96,10,1
34,29394,99870,656,50,2,1
49,28466,40851,762,6,5,0
28,83186,259474,688,99,11,1
43,48130,39451,648,120,1,0
26,35723,51302,591,236,2,0
47,52802,102922,806,206,10,0
22,12595,18799,571,172,3,0
55,39194,67883,604,260,9,0
23,120407,401484,732,278,11,1
30,43165,53943,514,257,6,1
29,41662,127383,764,323,6,0
61,54256,31074,716,129,6,0
23,65682,205797,742,297,5,0
42,13378,43217,699,151,5,0
49,15910,28420,642,66,7,0
46,45056,133959,578,52,11,1
54,27087,99843,647,33,12,1
60,82588,269455,597,344,11,1
40,33747,58877,699,61,2,0
61,13850,28969,719,301,4,1
36,19982,63615,774,282,10,0
69,12000,16591,683,158,7,0
45,35286,115539,735,329,5,1
57,36185,54779,637,327,4,0
63,31779,104304,621,334,2,1
59,72648,45126,710,179,4,0
62,77589,36022,642,107,6,0
47,36545,145866,682,15,5,1
23,12406,43632,569,303,7,1
45,56359,201006,596,315,4,1
29,54472,208069,717,193,3,0
64,47580,91438,735,25,11,0
32,68859,93737,592,297,5,0
32,21149,16519,710,107,4,0
33,121154,261023,644,197,8,0
52,23678,26382,658,238,7,0
48,60601,227953,782,52,7,1
67,15866,4995,719,22,3,0
41,24061,19966,721,28,9,0
34,92411,111998,830,346,3,0
23,34770,36027,604,345,11,1
21,63701,72325,590,154,6,0
39,45722,124701,606,153,5,0
66,37884,57273,641,146,5,0
46,84975,218861,487,126,6,0
64,35236,126637,644,196,8,1
25,15072,38124,611,128,6,1
25,25802,74046,720,222,2,0
61,54348,89803,694,136,7,0
26,49888,44452,617,227,4,0
23,16952,25193,702,341,2,0
40,26947,104227,716,74,11,1
66,29145,75797,597,22,4,1
54,32827,43555,620,190,8,0
25,18831,37067,478,42,3,1
62,28407,96339,571,83,5,1
62,26883,74553,599,285,5,1
60,61350,145670,674,150,2,1
65,62631,223912,593,198,12,1
32,37042,103274,620,280,4,1
68,32350,86637,562,46,7,1
36,43346,43439,677,172,7,1
60,25614,17767,692,12,6,0
49,21359,82681,689,180,8,1
59,23930,60203,658,80,7,1
51,28307,52029,535,328,1,1
52,21165,52476,607,94,9,1
51,43876,23197,631,72,2,0
59,59955,200362,636,5,6,1
57,16766,18469,661,48,5,0
27,40693,133344,776,78,6,1
61,35562,80982,726,82,1,0
47,48428,64086,586,266,9,0
36,39850,16409,716,320,6,0
46,18043,59877,707,308,1,1
68,20044,19100,592,345,1,0
63,40790,20056,730,324,7,0
61,70674,218860,658,164,8,1
43,12000,19142,541,140,7,0
59,48540,84486,701,234,9,0
39,77211,93746,691,115,10,0
54,36895,128356,643,217,11,1
52,54318,76052,663,360,12,0
33,27264,29383,601,71,11,0
34,37585,54281,710,277,10,0
23,16457,17307,651,337,6,0
27,12000,17704,667,193,7,0
42,67408,40907,699,128,8,0
44,23348,20699,565,91,3,0
29,31240,57578,588,60,9,0
41,18722,66539,479,115,8,1
50,18481,9462,701,269,7,0
32,36475,39645,564,186,11,1
37,26869,98364,669,79,9,1
39,49409,177529,695,195,12,1
45,51477,144855,714,292,12,1
38,47881,56967,568,4,10,0
57,45763,84813,659,7,4,0
37,95585,103377,812,346,3,0
42,22311,17308,794,270,4,0
39,38940,66431,741,207,9,0
29,74830,181877,699,327,11,0
54,80459,131289,594,212,11,1
32,18362,47008,713,187,9,1
35,33800,47190,647,76,9,0
59,84708,133809,720,292,12,0
67,53074,171190,615,276,9,1
53,44685,158621,650,106,2,1
65,35606,53107,674,266,7,0
62,32497,78468,679,262,5,1
44,47029,62511,704,34,8,1
58,34933,17374,614,57,8,0
37,39206,118797,554,214,4,1
43,41908,39088,793,225,4,0
47,27641,51831,850,237,2,0
68,53781,113051,702,134,4,0
62,199353,195873,604,301,10,0
44,15103,9815,593,160,8,0
52,47964,76150,705,74,12,0
30,26420,101016,765,41,12,1
60,55137,142033,570,316,11,1
48,41176,70461,652,255,3,0
47,61024,27093,684,166,5,0
58,76614,193145,742,75,1,0
52,44615,28614,636,34,2,0
24,74804,172604,547,55,3,1
35,12000,36987,703,38,4,0
29,96254,179732,769,191,1,0
57,49330,69448,658,71,11,0
22,72607,34512,704,46,7,0
30,20518,8036,618,102,8,0
50,25415,48062,590,252,8,1
55,43489,155185,745,179,12,1
45,39760,47833,693,55,2,0
63,46896,113676,703,270,5,1
66,72874,206374,792,176,4,0
27,15201,7982,570,67,7,0
67,68569,59413,626,249,7,1
51,40318,61514,675,358,10,0
52,35879,99720,616,195,7,1
25,17870,34390,718,58,3,0
51,52927,159655,651,111,7,1
56,12000,42121,574,216,12,1
49,57332,178072,672,360,7,1
25,17665,70153,669,335,8,1
46,41332,127763,737,336,3,1
66,37589,129797,693,300,1,1
56,76362,258085,710,207,3,0
27,36379,109209,687,233,1,0
68,27398,89500,643,264,6,1
67,30375,114159,602,258,11,1
29,80829,166368,697,230,6,1
60,53904,143474,640,48,8,1
40,32465,71594,795,317,11,0
50,35241,121540,768,3,10,1
42,16950,32138,706,153,8,0
59,49695,165633,695,156,10,1
69,15246,49666,648,359,4,1
59,60687,234190,567,32,6,1
66,43077,52597,646,171,5,0
67,149167,436402,703,129,10,1
25,21915,67950,675,35,5,1
33,37931,142781,699,80,12,1
56,107911,394473,756,152,3,1
49,77286,187190,618,330,3,1
23,27367,66854,604,140,9,0
25,45396,41718,780,317,10,0
46,40179,156994,724,264,9,1
51,46867,58282,633,295,4,1
29,27330,81485,650,308,1,1
29,38211,123973,653,257,4,1
27,16665,32205,658,264,6,0
48,43231,46751,701,55,5,1
21,51406,51362,850,258,12,0
49,35416,122859,676,17,11,1
44,16510,36154,708,266,10,0
43,69126,43792,536,236,1,1
54,49045,144829,626,273,2,1
46,26922,32996,756,231,6,0
56,34395,121850,693,133,8,1
58,17582,25413,304,133,9,1
66,22834,23770,711,215,4,0
60,29858,18332,812,170,2,0
46,78876,172949,514,122,4,1
45,28234,55557,780,176,10,0
32,57075,175783,445,193,12,1
50,29850,60268,734,86,12,0
27,45999,72316,663,230,8,0
66,37132,47088,473,113,2,0
62,64873,86225,705,96,12,1
26,29907,111644,751,151,2,0
59,16901,15393,684,37,4,0
26,18768,74251,702,217,12,1
56,29955,45220,626,264,7,1
25,20192,12661,507,345,3,0
44,50293,61365,720,102,7,0
53,31065,16034,799,194,1,0
56,148158,477530,785,181,4,0
41,15433,33898,496,263,12,1
66,44891,69440,542,225,4,0
58,21582,59342,589,291,11,1
31,30596,80571,532,307,7,1
53,43381,163873,667,40,8,1
56,12000,46280,685,128,9,1
37,45718,128858,549,235,7,1
57,114302,380159,746,196,1,0
65,31276,101083,707,174,12,1
61,46300,98055,620,62,6,1
58,70524,204978,657,206,8,1
52,36674,21621,505,267,7,0
34,29158,90526,632,13,8,1
59,12000,46305,654,213,5,1
38,57099,35082,681,327,11,0
47,37713,127984,692,207,3,1
36,22995,86278,676,343,8,1
36,43029,48920,642,127,7,0
28,29114,65268,682,1,7,0
68,30012,112037,739,246,1,1
28,56020,215836,659,76,5,1
25,19224,14863,681,3,1,0
66,71398,113617,657,65,7,0
48,18607,53646,604,337,9,1
42,27876,31215,700,282,7,0
57,115569,173544,640,99,10,0
39,74611,28813,703,215,5,0
27,42348,36759,665,122,4,0
56,23926,56959,633,64,6,1
29,29998,81488,633,356,3,0
48,41785,112860,622,293,10,1
67,40972,130288,531,131,10,1
66,38178,70115,692,127,5,1
38,39460,51768,680,294,10,1
59,35671,12758,729,166,1,0
51,18159,19331,613,136,2,0
44,30210,43981,811,139,4,0
27,66373,63676,640,161,5,0
39,18909,7082,586,188,3,0
52,36161,31914,581,14,7,0
69,25569,70687,519,173,10,1
21,42670,112199,785,158,6,0
56,32411,121931,769,99,6,1
62,90451,294257,725,128,1,1
67,53030,127309,594,153,4,1
41,19507,15780,801,132,10,0
26,58057,138586,639,327,10,1
34,26211,13837,636,190,2,0
62,29221,55353,774,181,1,0
64,47696,83180,717,94,10,0
52,30624,57662,835,330,3,0
27,65583,87577,690,8,7,0
26,26213,74381,626,198,10,1
44,28555,97415,610,60,10,1
49,27973,87933,511,277,7,1
22,29404,77117,637,136,5,0
54,73464,168370,764,105,10,1
47,56717,23538,715,20,9,0
21,102793,305794,682,285,11,1
25,139693,323590,612,143,7,1
43,22768,29638,675,95,12,0
56,41720,63123,744,304,10,0
61,21017,79061,691,7,1,1
42,26169,68305,671,169,4,0
35,28380,58488,595,58,10,0
68,22439,58283,726,45,2,0
43,22504,41201,406,7,9,1
36,37073,75617,692,67,5,0
42,20554,28244,850,341,3,0
21,63778,122929,548,160,7,1
35,24227,68725,638,360,12,1
46,188200,84273,706,96,11,0
66,31311,101498,622,275,5,1
57,41756,56246,745,32,1,0
59,19684,55617,694,39,11,1
47,102575,274704,693,5,11,0
26,74290,201677,736,324,8,0
40,47255,120504,666,242,8,0
69,19135,73644,850,268,7,1
23,45065,98281,676,334,1,0
64,21660,65188,672,119,2,0
54,89706,261059,540,260,2,1
34,62634,73544,625,181,11,0
59,42298,57028,754,195,1,0
62,12000,22426,547,238,7,1
23,23368,31021,484,169,5,0
26,58587,97076,670,8,1,0
53,78205,136589,783,27,12,0
69,73869,187206,676,181,1,1
22,16721,18620,628,205,11,0
53,47375,155195,516,264,10,1
27,70160,134629,707,206,10,1
52,16122,46965,708,67,2,1
51,39961,24030,519,132,11,0
25,46659,95132,755,160,8,0
54,34016,13756,721,355,5,0
64,14491,40587,745,192,9,1
63,33552,52735,707,229,5,0
22,33523,127798,712,265,4,1
33,36996,55467,703,130,4,0
32,29439,70244,728,348,7,0
43,31456,39393,514,243,8,1
28,39268,101878,542,306,3,1
62,51193,103822,606,270,3,0
59,33947,56736,650,224,12,0
60,32038,33757,691,11,7,1
30,42226,30091,689,210,11,0
21,13954,10376,744,46,4,0
65,52176,208519,758,217,4,1
35,40122,73245,592,253,4,0
53,41021,12599,681,196,7,0
65,68078,260455,603,111,10,1
22,13711,5127,639,21,7,0
21,13553,25056,680,242,4,0
21,46658,137859,391,252,12,1
28,39978,147280,850,172,7,1
23,44073,129472,709,258,5,0
61,31127,62734,612,281,1,0
50,57838,225883,822,185,7,0
69,67034,29862,642,17,8,0
60,52375,206960,676,314,12,1
68,34771,119708,621,168,3,1
32,12591,47053,786,242,2,1
35,61272,76140,660,328,12,1
62,78586,64998,686,130,7,0
32,57211,157574,763,224,1,0
23,24740,54643,704,7,2,0
53,58139,129983,663,319,6,0
60,64427,239739,758,21,8,1
68,94594,245405,850,195,3,0
66,24789,35967,683,126,5,0
26,35435,63083,670,12,9,0
58,60536,48062,682,166,12,0
62,41422,41901,767,337,6,0
55,21709,18027,609,60,5,0
61,50415,166273,643,105,5,1
62,55175,160451,544,68,2,1
42,42124,95296,568,45,1,1
22,45287,76316,622,83,11,0
43,34812,96549,656,206,1,1
30,90495,299335,819,281,10,1
26,24456,87077,700,249,3,0
27,29056,67525,586,278,9,1
55,40378,134603,604,258,12,1
45,65083,142651,780,138,9,0
47,17614,36210,745,324,9,0
57,19523,68371,658,62,4,1
47,13085,22632,619,252,8,0
51,40863,72118,752,40,8,0
25,21697,30987,577,276,6,1
62,32484,72088,691,31,1,0
42,57743,133730,849,78,11,0
28,28202,77378,675,141,3,0
60,45579,86275,602,250,12,1
56,34042,37650,693,16,12,0
23,58085,203722,630,92,1,1
30,52121,82362,554,120,9,1
21,27431,101903,714,263,8,1
34,36579,39037,750,347,3,0
25,71258,169039,647,221,10,1
55,49829,113883,635,183,2,0
46,18614,62655,579,121,3,1
69,57560,46839,655,296,12,0
57,22103,81047,612,38,9,1
50,87280,197801,595,46,2,0
45,70492,174017,823,72,2,0
23,47072,102975,701,96,4,0
24,43760,18961,709,166,1,0
51,35776,76533,731,341,3,0
21,58290,74328,729,234,7,0
23,32731,51320,627,138,1,0
31,45687,123431,686,76,4,1
64,64833,138839,648,234,4,0
43,29466,19003,694,91,12,0
55,28598,16308,686,352,12,0
41,20808,20536,626,172,11,0
29,22349,22489,550,198,5,0
39,14682,37450,666,326,7,1
25,59958,57435,652,110,7,0
58,108543,386669,531,170,11,1
29,87898,94588,717,192,9,0
39,16410,10456,732,97,11,0
69,59795,211690,850,19,7,1
50,87742,122199,645,102,12,1
43,31218,58505,616,40,9,1
47,42438,163318,574,243,9,1
59,13302,50470,671,2,8,1
33,46477,136884,680,114,5,1
52,22360,12411,592,319,8,0
63,44793,111775,649,205,5,0
49,17006,67337,497,242,8,1
42,54099,205770,740,241,4,1
28,70508,48806,609,107,10,0
33,26089,46049,655,228,7,1
67,21476,31516,542,79,9,0
47,12261,9564,607,229,3,0
35,34665,99515,638,246,10,1
41,29147,38277,658,316,10,0
49,17102,26953,694,331,2,0
47,51491,32662,781,8,5,0
55,31336,67137,718,107,9,0
33,22211,19662,734,197,11,0
52,29584,56172,775,116,9,0
42,72346,60074,717,223,6,0
67,55917,214120,664,308,4,0
28,37365,31253,742,93,11,0
28,56416,125863,753,322,11,0
43,21195,21806,708,318,11,0
45,40856,23800,546,329,4,0
54,43522,45635,596,26,6,0
40,30995,15580,637,105,3,0
65,50996,41601,728,44,12,0
44,26128,55545,656,43,11,0
27,53125,144060,757,19,3,0
26,54368,33880,772,158,3,0
68,12000,23181,750,31,7,0
27,77240,189285,770,106,5,0
67,12000,14000,571,354,6,0
34,28600,47953,697,319,5,1
25,70540,39911,623,338,9,0
35,33708,37567,528,13,11,0
51,17919,36322,632,238,12,0
41,21992,87190,763,228,6,1
59,70601,281428,708,47,10,1
50,13949,54744,816,327,9,1
40,74678,139306,687,145,3,0
52,38937,23304,850,352,10,0
68,20831,31189,670,41,5,0
41,29123,34352,661,234,8,1
28,22937,8080,555,47,9,1
41,64629,42162,758,342,12,0
62,60044,118696,628,219,12,1
31,15591,24271,603,27,10,0
67,32145,31094,762,77,7,0
49,24965,73636,750,129,5,1
50,81751,132545,765,4,6,0
36,19100,65932,627,3,12,1
66,96986,115570,675,334,3,0
22,39407,90323,657,354,7,0
35,21183,20787,719,193,9,0
41,27653,58973,783,325,1,0
44,25825,22316,687,236,8,0
44,19910,17876,814,10,4,0
28,42284,108468,734,257,4,0
32,20428,26066,637,6,8,0
25,12098,11345,720,294,1,0
49,32571,121820,796,132,2,1
38,14890,6836,814,50,6,0
48,26537,63451,753,93,8,0
49,24343,56685,659,246,2,0
55,24855,30503,640,305,5,0
47,120636,238287,732,206,4,0
52,41400,25860,796,57,7,0
49,45934,136364,698,324,4,0
52,15108,16925,691,285,1,0
51,28010,28445,663,147,7,0
36,45180,66191,637,200,11,0
33,22845,83128,644,347,8,1
59,66134,214732,681,136,5,1
37,20713,78782,794,9,6,1
47,34286,92993,641,52,2,1
30,29076,80041,663,216,3,0
42,43931,91206,594,360,6,0
46,28218,102973,716,267,8,1
51,34579,75736,770,223,6,0
46,35247,56879,791,116,12,0
38,26798,71534,674,158,8,1
68,52407,121622,712,13,1,0
46,45758,34725,651,133,7,0
60,38226,67013,704,225,7,1
57,31674,46222,685,326,1,0
48,62199,213547,673,332,5,1
64,35252,59989,672,296,11,0
27,33905,113234,696,7,5,1
66,42514,82343,639,292,6,1
62,102040,315095,661,78,3,0
45,19203,15373,792,222,1,0
56,61293,228084,850,341,4,1
46,14168,29442,558,320,10,0
34,45229,57045,563,239,12,0
60,95444,113914,602,108,8,0
33,52510,67254,657,188,10,0
36,44084,73042,735,254,8,0
46,29488,87132,706,185,8,1
62,40826,155691,676,146,6,1
39,34939,96971,703,145,1,0
45,26048,60549,602,216,5,0
23,34220,67065,641,12,11,1
26,44762,150594,662,360,7,1
23,26319,90636,531,36,10,1
24,25759,35657,565,355,1,0
63,18994,72702,566,12,3,1
62,49757,87668,726,185,4,1
61,54172,176616,686,150,5,1
23,45589,176759,713,207,12,1
24,68244,198149,523,156,6,1
34,42122,37815,544,323,8,0
48,49792,122922,718,6,8,1
37,47435,35077,442,355,6,1
44,38164,122881,759,248,12,1
29,29973,40190,513,281,3,1
56,135643,389607,758,50,1,1
36,31302,114795,588,23,9,1
24,27827,26985,742,143,8,0
57,50955,89353,850,116,4,1
65,46098,124204,482,282,11,1
21,18534,34339,711,323,2,0
42,74419,70462,528,154,4,0
61,38109,15532,696,277,2,0
55,21785,39309,640,21,3,1
62,77175,208533,684,267,9,1
41,56620,137232,594,35,9,0
39,20020,17579,718,241,8,0
55,106665,209870,566,137,11,1
28,57661,96123,767,149,1,0
32,39910,52464,629,99,8,0
50,96242,288563,567,145,2,1
53,43810,63337,791,315,12,1
26,39520,90838,656,292,8,1
45,27913,103723,811,122,10,0
38,55272,126867,764,106,7,0
45,52163,134736,602,183,5,1
67,40460,23103,655,247,9,0
24,25991,24928,667,65,11,0
69,43108,29034,785,262,3,0
43,38623,120883,697,342,11,1
58,19275,65398,670,304,9,1
41,17863,17682,639,197,2,0
36,54767,60863,662,115,12,0
58,12000,17950,758,116,3,0
54,44935,111753,664,267,8,1
28,30855,80243,628,164,2,1
55,82416,234143,630,38,3,1
57,30595,111648,615,244,8,1
40,57683,80274,555,49,9,0
66,32264,88320,600,356,9,1
52,42726,101302,783,150,5,0
37,60190,86168,652,123,10,0
21,31120,113819,716,19,1,1
54,69432,45359,473,60,11,0
31,23236,68184,702,342,4,1
58,47194,141258,651,193,8,1
46,66666,245778,631,325,11,1
43,57700,128022,682,345,4,0
29,115156,171583,645,17,5,0
55,26373,88683,488,137,10,1
29,18797,59248,729,302,11,0
41,23228,49967,676,178,3,1
61,57713,181281,642,183,7,1
66,52778,68144,589,205,4,0
69,42457,105343,545,253,7,0
67,21642,75773,674,338,5,1
48,61192,90353,797,320,1,0
30,20464,42752,672,225,12,0
62,75919,289924,562,208,8,1
60,193221,500000,726,130,6,0
69,49097,175868,660,41,2,1
52,55310,95433,736,255,1,0
27,30605,122024,708,0,6,1
45,14830,12820,416,252,8,0
42,28811,63945,702,179,4,1
62,22002,45617,576,283,9,1
40,18109,58930,542,342,5,1
37,103497,378994,666,199,1,1
24,46633,140142,697,206,7,1
61,49455,129534,534,175,3,1
58,33862,63711,717,134,1,0
23,36495,79859,722,32,2,0
42,68221,149023,674,11,4,0
44,39427,14799,592,261,7,0
43,53738,116142,588,330,12,1
66,36033,124930,743,19,3,1
28,33250,97233,539,118,1,1
36,18512,60055,741,219,3,0
29,13524,23597,641,254,4,1
32,34757,78454,653,265,3,0
65,41402,17550,526,250,4,0
67,19784,33971,644,30,12,0
23,39381,80941,711,91,5,0
51,41339,51437,555,169,8,0
32,12261,5096,694,23,9,0
30,24262,69256,664,123,2,1
35,50211,95894,614,138,3,0
30,49656,91268,733,353,5,0
45,21279,26066,480,114,6,0
69,43789,100276,691,350,1,0
49,70426,135267,801,252,8,0
56,61537,126381,784,249,4,0
45,38086,93281,693,295,4,1
21,31027,10034,635,304,8,0
25,28392,103871,608,80,12,1
34,51912,29228,641,151,11,0
32,44681,87951,707,190,12,0
62,56736,60553,602,352,5,0
62,43154,96578,724,14,2,0
62,62964,84174,840,172,3,1
52,42278,147213,658,77,5,1
48,61795,109163,561,74,4,0
52,64793,172569,562,274,3,0
40,25784,31479,720,72,2,0
53,14847,5520,650,286,3,0
59,93800,168406,748,358,8,0
58,46220,105613,621,280,6,0
51,15631,31267,721,61,1,0
23,27103,104603,645,51,7,1
56,61361,178886,610,157,11,1
38,34413,137101,628,198,6,1
57,30284,42147,563,280,4,0
47,86724,279208,835,152,4,0
64,22561,53144,649,60,5,0
37,25875,66331,709,357,4,0
66,45083,177972,621,326,12,1
62,49749,135305,581,236,12,1
37,52733,191190,647,251,5,1
44,66249,197772,758,337,12,0
47,44767,34530,622,171,11,0
58,52531,151703,596,52,1,1
54,34802,72805,673,218,6,0
62,41543,153691,702,162,8,1
39,42580,139888,794,288,6,1
45,45175,30958,692,278,6,0
42,61384,48830,720,170,6,0
65,54466,30368,724,132,9,0
35,41123,87387,570,152,4,0
49,25719,15402,581,228,8,1
26,41657,124038,576,229,3,1
62,39521,92626,555,184,11,1
39,44634,151433,727,192,2,0
37,135075,180358,714,358,1,0
49,30089,66822,665,91,1,0
45,50628,37195,458,62,5,0
62,72233,258093,836,288,8,1
47,42358,40135,591,337,12,0
46,145192,98548,850,219,6,0
26,32600,34513,544,144,3,0
22,47966,157475,599,125,5,1
40,25865,17886,482,168,2,0
69,33079,85125,689,18,6,0
65,46024,140874,576,190,9,1
51,63925,196825,583,97,1,0
51,47834,47988,555,95,10,1
40,80219,42356,736,202,3,0
29,38092,74683,718,347,9,0
21,33433,35078,805,74,10,0
37,177583,500000,648,329,10,1
36,49853,80750,682,187,9,0
30,27019,53028,555,351,9,0
33,27396,19722,631,137,3,0
22,23897,57351,616,359,2,0
50,67179,66268,707,238,5,0
66,32846,92371,741,241,8,0
54,43047,24249,742,203,8,0
42,38757,151571,594,163,10,1
41,60013,170002,748,189,4,1
36,25192,24497,654,307,11,0
27,22213,7822,631,286,6,0
50,45404,69809,607,8,3,1
48,55856,48338,622,250,9,0
21,48189,53399,804,301,2,0
41,25714,90749,682,268,5,0
34,58257,147498,681,179,10,1
29,26659,25403,637,121,10,0
55,30126,71087,850,243,4,0
46,23881,29765,762,239,2,0
52,82095,321151,617,135,1,1
55,56862,23950,645,146,2,0
69,55980,168476,650,133,10,1
60,79695,251843,686,16,10,1
51,188520,103404,650,11,7,0
64,15677,14672,690,29,7,0
44,26739,46043,774,152,4,0
69,28598,100441,553,184,3,1
58,25136,57484,567,147,1,1
52,22188,60454,618,344,9,1
65,34037,108821,625,81,1,1
46,20555,69148,816,141,2,0
56,48256,99516,745,89,10,0
34,41292,90121,738,108,7,0
68,52290,154602,645,210,6,1
51,53064,67623,643,111,3,0
59,55919,193570,551,114,2,1
43,32683,12319,722,242,6,0
63,128879,132018,728,299,5,0
24,45658,148879,767,76,7,1
26,14409,22463,637,40,2,0
45,23126,19758,646,86,3,0
56,15409,15270,668,208,2,0
60,40519,91727,734,346,6,1
42,37534,128774,544,57,4,1
52,31019,17414,718,15,3,0
48,121298,50069,685,190,7,0
68,54282,109711,582,357,6,0
53,59835,229640,501,199,3,1
41,24050,32043,646,333,9,0
68,23167,89168,773,231,5,1
26,40956,146804,796,11,5,1
69,44141,59484,692,154,6,0
28,14458,48040,811,277,2,0
35,36346,103139,657,183,6,0
61,40447,88730,738,70,7,0
56,35656,66491,625,65,2,0
68,25659,85120,617,239,7,1
57,29830,96482,605,167,1,1
52,36415,112911,496,207,8,1
37,42190,168488,766,134,1,1
21,55974,115894,615,122,3,1
27,72727,238953,608,240,5,1
35,34136,119175,566,2,8,1
23,31229,33819,643,156,9,0
45,51058,23264,806,133,6,0
59,56160,100951,834,281,2,0
68,31609,109681,527,262,5,1
44,61989,84905,640,153,10,1
63,68787,198797,588,94,2,0
69,81669,26721,754,85,9,0
63,106732,172356,705,76,5,0
43,24921,64232,607,98,1,1
36,40443,31550,668,274,9,0
68,40385,146091,624,16,1,1
32,38027,33396,791,9,5,0
41,28083,102959,702,194,3,1
24,17729,19513,709,80,8,0
59,42234,168042,449,299,1,1
52,26302,66743,653,271,2,0
25,42079,25756,829,277,7,0
31,25933,14043,764,164,12,0
48,21921,12653,509,158,1,0
47,45655,113343,639,153,6,0
60,43608,143708,567,70,10,1
34,55194,98850,803,204,4,0
66,133549,259872,710,311,6,0
42,46747,115950,603,92,11,1
61,52407,119082,668,20,9,1
32,22189,63146,448,203,4,1
22,19776,40454,569,144,10,1
23,95852,281928,682,287,9,1
39,24151,96364,725,309,7,1
67,22603,36077,501,343,6,0
23,39281,13560,631,141,12,0
39,38192,29210,742,325,11,0
26,24431,57364,541,42,12,1
66,33937,53408,679,134,9,0
54,78917,298143,679,96,5,1
58,25763,67539,795,333,2,0
55,18648,41498,637,216,2,0
53,67402,219242,656,132,12,1
58,52615,66126,734,54,5,0
21,28530,95091,552,282,2,0
63,16811,5234,637,236,3,0
57,26648,69093,622,307,1,1
57,38945,146379,651,158,7,1
40,76200,244989,741,54,8,1
60,22695,78489,701,120,5,1
39,38312,67764,602,223,9,0
23,58182,194891,678,86,6,1
65,12000,28057,773,25,12,1
32,70869,183451,605,297,10,1
25,20945,10849,668,191,1,0
51,48175,50379,649,143,4,0
32,45967,107497,659,199,10,0
63,72877,37719,541,266,7,1
42,54340,165376,779,0,10,0
21,12000,40899,592,158,5,1
67,26066,96583,740,91,1,1
46,43305,29298,613,33,10,0
33,36054,136175,611,12,10,1
54,52192,28716,763,159,8,0
46,61954,127254,748,196,5,0
22,56086,191193,684,183,1,1
58,35673,19982,722,282,9,0
40,14538,5342,631,165,8,0
55,31241,12256,659,212,9,0
64,50463,110600,612,294,3,0
50,22032,72770,729,237,9,1
53,56795,43816,612,328,9,1
33,66146,50341,789,79,11,0
32,43035,103440,638,284,7,0
41,12000,14003,655,251,9,0
62,19872,59652,717,210,5,0
46,113256,431919,686,1,9,1
38,29715,93136,635,195,9,1
59,13477,47783,652,309,10,1
62,79173,175959,745,232,11,1
65,40431,136640,609,1,1,1
35,73697,71983,662,103,10,0
55,46739,25841,665,205,10,0
49,51648,140845,735,293,7,0
42,49004,24121,657,160,7,0
40,58901,212172,812,309,9,1
26,140447,401503,680,287,6,1
34,68463,261744,652,96,5,1
47,16828,24592,641,70,10,0
64,51311,107691,560,325,10,1
63,75193,228907,590,212,3,0
30,77768,93188,631,306,10,0
54,31741,73158,750,332,4,1
25,76170,208708,670,153,2,1
54,66853,262170,631,16,11,1
37,165195,500000,798,328,3,1
43,26569,19584,782,210,3,0
56,30361,62505,760,43,4,0
41,33916,84059,592,191,6,1
60,30650,25823,620,10,2,0
47,24600,46698,802,104,2,0
69,12000,16210,673,125,5,0
52,31600,23373,638,164,3,0
35,49175,107917,722,204,3,0
58,30599,27932,740,303,11,0
40,116362,289158,639,126,8,1
47,40431,37515,680,265,1,0
27,81639,243064,749,340,2,1
26,46341,47379,571,270,10,0
49,63229,228652,670,91,4,1
30,46797,18577,575,244,2,0
69,85206,190128,597,101,8,1
62,41389,61437,617,172,11,0
55,52726,59727,704,229,5,0
57,49094,100394,639,105,9,1
50,34250,116980,608,1,6,1
23,50148,184872,669,302,2,1
40,137161,195046,599,262,10,0
45,34589,30117,695,44,12,0
65,50549,149854,756,136,12,1
31,80160,196664,668,94,2,1
45,75142,78430,656,352,7,0
37,40394,125750,692,339,8,1
27,12000,26641,491,249,1,1
26,53326,144917,709,159,12,1
38,12000,19555,850,18,2,0
25,90081,173375,667,89,4,0
24,44056,42614,654,33,12,0
38,69551,215546,730,285,7,1
30,24437,21528,789,31,9,0
48,17088,54335,733,244,6,0
21,46324,150675,491,343,10,1
35,39400,120659,707,111,1,1
43,30627,11389,850,246,9,0
68,42048,55108,712,317,1,0
52,183889,373819,613,154,3,0
64,63512,159003,692,162,7,0
37,71484,264571,569,72,6,1
43,63842,107877,768,154,2,0
41,90554,320343,601,315,10,1
64,36151,32705,667,239,4,0
68,12963,21697,585,72,11,1
68,36181,17853,617,190,1,0
57,62721,191124,788,255,3,0
45,23544,20187,665,27,4,0
47,36425,45567,616,275,8,0
69,27434,86921,567,72,5,1
34,91685,208900,528,106,2,0
37,60609,21316,568,150,7,0
64,57431,17704,676,182,12,0
39,56493,123688,745,330,2,1
32,39321,56164,617,80,4,0
48,44741,43271,789,92,6,0
36,20913,53753,599,136,9,1
64,12058,13809,635,309,2,0
65,43588,108585,577,348,3,0
35,47963,81695,744,164,3,0
46,78049,77344,841,250,8,0
69,95248,77245,538,331,1,0
57,95178,111966,651,305,8,0
31,23181,9513,758,245,6,0
49,33066,47617,544,195,4,1
51,52270,190118,711,355,11,1
53,161546,500000,796,86,10,0
22,90586,151860,683,130,10,0
35,74285,180556,716,257,11,1
62,32426,77798,801,7,3,0
32,24692,83121,813,180,11,0
35,61939,72733,664,308,3,0
36,21909,30599,614,63,4,0
29,35202,49867,587,289,7,0
28,37680,17002,739,148,9,0
38,96385,141141,569,310,7,0
63,33022,117171,640,229,7,1
21,12000,44092,662,56,5,1
34,52968,37377,626,265,8,0
23,27324,54506,681,20,6,1
48,41087,70299,850,87,6,0
33,38266,80765,652,320,8,0
59,34526,81221,626,316,8,0
49,61987,23242,750,16,4,0
59,17273,59010,674,137,2,1
52,30201,117861,774,33,4,1
42,58467,158890,681,97,5,1
63,28631,78554,639,349,2,0
44,16567,37334,512,70,3,1
67,57971,89091,538,231,12,0
69,74437,63362,525,290,4,0
49,39154,96359,692,318,9,1
54,13651,6365,545,127,2,0
33,59177,198282,768,251,12,1
60,16108,29919,657,174,3,1
53,47564,87260,645,38,5,0
65,24634,37210,590,80,10,0
34,21207,82423,706,270,3,0
59,31475,29813,595,247,7,0
44,36286,31200,582,188,10,0
30,28161,25696,754,281,1,0
29,55480,151824,695,249,1,0
48,31403,124670,641,122,10,1
36,68810,80594,722,106,4,0
25,46847,171028,665,341,11,0
41,27346,36394,689,350,12,0
52,24928,67237,592,11,11,1
36,16218,7296,820,285,12,0
67,47094,100495,618,47,10,0
59,33024,89888,784,310,5,1
46,12000,27413,638,212,12,1
66,29892,35272,724,248,5,0
42,24451,82288,716,253,8,1
27,95475,371350,770,218,1,1
22,15732,31449,587,90,12,1
66,18165,48190,742,291,8,0
68,73901,238296,820,200,12,1
57,84645,101025,655,196,5,0
26,26642,93206,661,114,4,0
35,28349,37895,617,3,7,0
23,56327,178589,639,200,11,1
23,12000,8577,791,124,7,0
33,14420,19713,574,238,10,1
49,34393,78223,585,131,3,0
24,94131,211062,807,351,10,0
69,31582,108850,709,245,9,1
43,42426,169096,832,164,11,1
33,74876,52165,636,255,1,0
46,127872,166762,698,234,5,0
59,29224,47434,606,224,2,0
36,39765,82393,673,208,5,0
23,109330,232596,541,336,10,1
23,17375,60255,710,114,8,1
62,70627,222551,697,156,10,0
26,22924,8476,652,91,9,0
52,42462,84227,632,205,12,1
39,35121,90854,589,356,11,1
59,23697,47476,715,219,8,0
23,23372,18309,563,74,11,0
64,46725,82734,705,332,1,0
55,69393,126512,837,285,9,0
43,37371,37167,780,158,7,0
31,41713,129241,542,52,12,1
68,54948,81828,624,145,7,0
35,23520,58312,691,290,3,1
45,60285,133121,662,208,9,0
40,62984,223372,557,67,12,1
32,168046,126279,731,57,1,0
41,32635,23588,659,349,1,0
28,31196,44023,813,161,8,0
21,61263,116124,648,247,7,0
35,62976,88456,762,130,7,0
26,29903,93411,558,32,2,1
41,32153,38824,577,148,7,0
63,54048,33167,724,250,7,0
28,25459,46617,744,120,11,0
21,32023,101241,583,217,5,1
26,42162,145336,665,158,5,1
45,69409,209155,560,121,1,1
34,28781,68043,644,92,7,1
44,14570,43411,721,94,8,1
22,13987,39459,619,92,4,1
37,20077,23433,636,259,9,0
41,19492,45569,565,121,12,1
42,36863,116165,609,267,3,1
48,20871,30750,797,112,7,0
59,27268,74161,664,118,9,1
43,26219,54574,578,333,1,0
62,31499,68091,634,316,3,1
46,83065,52597,547,144,5,0
33,57761,159709,586,97,2,1
32,40492,141845,771,258,5,1
36,31146,25642,648,25,2,0
50,31626,52328,811,164,11,0
32,48063,23074,657,216,8,0
65,55342,22670,664,243,4,0
44,24363,96520,709,38,10,1
63,40948,87049,448,1,1,0
54,13129,21209,670,99,8,0
37,45091,59387,660,43,9,0
32,61034,239622,787,183,10,1
57,34405,42433,737,331,3,0
37,108999,325375,592,103,8,1
33,24719,33368,757,163,10,0
66,45233,25367,643,77,10,0
44,39352,111292,589,15,3,0
23,37981,11623,677,253,12,0
45,37689,105539,645,92,4,0
43,42570,52208,786,197,5,0
63,63983,195825,696,246,3,1
55,85627,269560,692,303,2,0
30,40085,119421,734,66,4,1
28,62845,24547,756,209,2,0
50,27283,79225,721,328,9,1
23,61162,242418,782,174,8,1
36,26394,31612,707,14,5,0
27,73120,96130,685,94,7,0
22,135382,448121,790,286,8,0
66,37528,33530,654,285,3,0
25,12017,32977,656,113,4,1
21,29690,91849,797,71,11,0
66,79026,34573,803,105,1,0
30,54404,127791,666,87,12,1
61,46023,111870,628,267,12,1
22,69896,99444,788,303,4,0
28,52389,185587,730,16,4,1
26,78413,70742,699,267,3,0
55,66548,109639,644,271,7,0
51,92683,318836,704,221,3,1
44,48890,49153,663,314,10,0
32,66032,220486,617,14,5,0
25,33897,20086,670,252,12,0
48,28831,60838,680,45,11,0
32,102613,59385,651,323,5,0
49,45203,126941,736,180,8,0
54,62485,201528,772,32,1,0
62,42961,147978,740,269,1,0
45,29069,114261,637,270,7,1
21,40378,112512,723,167,6,0
34,88415,278112,683,112,5,0
62,54469,118269,567,6,2,0
47,15657,57573,709,327,11,0
51,35654,95621,672,66,5,0
43,106965,381773,850,304,6,1
28,35682,41790,777,212,5,0
64,14909,31874,711,247,6,0
58,113684,341090,704,250,8,1
69,58414,61339,681,309,10,0
62,38619,41784,581,12,7,0
35,32719,128218,521,357,2,1
33,72787,138882,602,15,11,0
33,29789,28976,655,360,4,0
66,75474,115205,504,94,1,0
48,54079,95736,623,305,1,0
43,45916,119630,644,30,10,1
68,43479,161531,646,166,5,1
50,36453,144003,608,195,1,1
65,71332,193401,644,344,10,1
69,24936,72058,795,44,4,1
24,16448,24520,708,13,12,0
38,56271,195344,622,234,11,0
56,56794,62806,662,17,1,0
60,52268,36254,663,280,9,0
28,50224,195926,604,13,8,1
36,33648,117678,599,350,3,1
47,61890,88100,749,192,5,1
60,39142,109524,628,342,6,1
26,30702,62263,572,45,2,1
50,33808,50562,657,98,9,1
35,121948,165979,696,164,4,0
31,15456,12416,497,10,12,1
46,52833,123232,663,37,10,0
41,15938,31117,724,118,8,0
52,37815,83007,697,266,2,0
36,31619,34680,838,255,1,0
61,12749,48100,754,31,2,0
24,49710,132367,781,21,6,1
63,32565,118163,850,236,10,1
22,12650,8909,714,129,2,0
57,63689,165881,682,285,9,0
37,88367,304248,754,107,1,0
39,91087,138854,633,130,4,0
21,48895,49972,673,79,8,0
55,41165,52715,611,96,10,0
29,83324,109142,707,254,10,0
53,101246,197899,628,170,7,0
56,74867,112755,618,237,1,0
62,23912,31174,690,28,4,0
55,44835,121032,652,193,10,0
35,51110,25362,511,165,1,0
57,14834,23131,538,328,9,1
61,51956,148183,574,152,9,1
36,140105,133190,621,37,10,0
27,57066,63767,700,251,3,0
64,90253,94086,695,54,3,0
28,44383,13467,749,328,3,0
50,38551,79143,722,138,5,0
32,49499,21985,751,283,7,0
27,25624,33564,706,236,2,0
59,23622,94034,674,167,7,1
28,80537,297831,762,210,3,1
53,85373,93550,749,65,7,0
54,23269,33670,687,26,4,0
23,68350,137774,772,276,12,0
29,38260,131015,474,345,4,0
59,48383,158202,641,311,11,1
45,51695,39655,641,110,3,0
26,69348,52736,763,129,2,0
69,42003,77366,788,129,3,0
33,87168,306775,560,253,6,1
21,47580,169562,777,225,11,1
66,56574,39446,573,287,3,0
21,25380,61544,566,341,10,1
48,131566,115252,671,141,9,0
69,51969,147523,640,239,5,1
49,59406,219256,543,180,5,1
49,16572,32856,707,344,12,1
40,25528,15506,712,127,9,0
27,79288,193720,758,67,3,0
49,46995,85132,629,136,11,1
64,14009,46234,651,223,5,1
25,71044,110777,669,344,1,0
64,29760,105265,794,299,10,0
41,87223,114497,449,6,11,0
47,38242,33761,585,183,6,0
29,44918,64411,664,57,9,0
51,76759,32944,586,130,3,0
29,24499,32844,637,340,11,0
34,23247,63753,647,355,5,1
56,36023,29771,608,55,4,1
23,63256,45041,674,50,7,0
42,19303,15246,706,251,4,0
50,16036,9412,636,148,8,0
27,63136,223258,633,156,9,1
35,28807,109271,645,315,5,1
37,32347,15277,659,332,10,0
53,14454,44985,515,325,6,1
68,27627,83640,695,282,12,1
61,39968,159415,626,353,4,1
30,66950,106258,771,259,9,0
21,26261,35620,705,319,7,1
23,99863,197370,774,195,12,0
50,27543,95556,577,18,3,1
28,27565,82579,629,294,3,1
32,93484,191176,579,335,11,1
62,45085,54322,607,112,11,0
63,29625,88578,759,154,9,1
62,36852,127572,780,206,6,1
33,84473,150347,583,235,5,1
51,89896,249350,640,243,8,1
50,25611,45608,652,142,9,0
30,39209,81179,709,308,4,0
48,42175,94563,522,293,1,0
46,23332,73967,529,340,1,1
40,38924,152456,701,207,5,1
57,40253,78258,506,27,9,1
54,75141,117713,637,305,6,0
47,77970,131168,686,28,8,0
56,33488,26636,693,69,6,0
58,35679,49903,649,102,4,0
48,57836,35850,638,66,9,0
34,29090,54783,726,261,9,0
58,55479,50998,689,158,12,0
56,38241,60486,610,79,10,1
69,23549,76210,660,1,5,1
28,23712,28690,688,78,9,0
41,88955,228082,814,250,5,0
66,36826,133839,724,286,11,1
46,98933,237206,777,106,8,1
67,30258,30773,610,26,11,0
21,47106,74222,622,201,4,0
22,149638,371756,676,282,1,0
60,22436,48786,645,25,2,1
38,14132,12011,574,287,7,0
46,81440,159064,776,61,12,0
41,25470,58819,728,93,8,0
40,39680,51153,637,224,10,0
67,29078,74616,710,18,6,0
25,46513,26028,682,110,12,0
58,23794,36772,715,50,12,0
64,36353,119086,553,77,3,1
53,51400,64731,654,279,11,0
40,23050,58528,652,82,1,0
28,27309,49623,708,15,8,0
54,33155,48768,610,77,6,0
43,18291,67488,455,31,4,1
28,31812,49947,573,224,12,1
38,42845,50373,658,351,8,0
68,32217,118056,665,60,2,0
34,34570,105784,795,263,2,0
29,39698,112054,709,130,2,0
54,27983,13524,665,25,4,0
30,58694,46102,665,248,1,0
66,88414,235346,765,75,4,0
63,31088,33417,612,185,10,0
69,52410,59478,655,183,11,0
65,35179,111968,573,215,10,1
32,49071,66635,778,48,6,0
31,94957,53639,710,90,9,0
37,53091,23084,609,266,12,0
44,15133,29354,645,336,1,0
64,51519,133093,706,4,11,1
56,79069,277918,654,149,9,1
52,35530,25225,618,318,5,0
64,69397,71319,618,103,6,0
52,27459,62065,685,161,6,1
39,17729,29203,627,326,2,0
41,43375,90454,627,349,3,0
46,15274,56808,548,236,4,1
25,35176,81471,667,250,1,0
57,81452,149541,660,221,7,0
52,14040,55611,628,102,6,1
56,19856,10748,672,320,4,0
47,22751,85289,717,12,3,1
59,38761,83574,718,21,12,0
67,32822,71023,704,217,9,0
48,86641,321548,657,302,6,1
42,67839,147692,625,293,9,1
26,52702,101299,582,244,5,0
59,43482,56883,616,135,3,0
65,49825,136402,667,129,9,1
55,24982,60149,595,153,10,1
63,64310,70296,677,92,8,0
63,21772,63679,579,151,7,1
60,63542,170491,536,37,1,1
45,77063,136412,739,115,8,0
25,45070,14255,626,339,8,0
21,36428,71120,594,255,5,0
31,50020,16127,577,51,3,0
42,12000,6930,687,103,12,0
57,47394,89729,774,93,5,0
43,37709,22742,629,101,4,0
22,39033,51522,644,249,9,0
31,59195,161325,753,323,6,1
68,38518,55538,517,256,7,1
69,21437,85561,814,176,8,1
39,37132,137029,850,58,5,1
60,41654,102704,446,51,2,1
56,42754,165787,655,293,3,1
66,43873,154067,606,244,12,1
64,71087,105203,650,184,7,0
51,22086,67881,623,208,6,1
40,44207,35643,728,306,4,0
51,81590,231131,665,293,9,0
36,15459,32727,582,31,11,1
38,44303,16049,650,142,10,0
50,29087,38239,700,15,7,0
48,32732,125524,565,138,6,1
49,24400,35833,526,229,11,1
39,36561,35515,820,75,11,0
41,110491,109813,632,54,5,0
21,20022,41507,645,177,12,0
50,21093,72092,625,189,10,1
49,19613,60891,700,257,11,1
66,103785,198889,823,5,1,0
45,31123,33373,706,89,2,0
43,39573,18617,540,281,4,0
24,32160,64697,549,246,10,1
30,23875,79138,625,324,1,1
37,35266,105792,639,294,1,0
39,155132,281072,559,302,1,0
38,86305,215797,741,184,3,0
40,25107,48058,571,345,12,1
58,57306,139962,787,150,9,0
27,25404,56264,803,326,9,1
37,15108,42598,635,141,4,1
28,70314,153181,706,160,8,0
36,75967,287175,574,247,10,1
54,71348,134399,721,143,7,0
23,30995,11124,619,53,11,0
37,36617,43010,574,323,7,0
22,60619,130467,645,163,4,1
67,49778,114495,628,334,8,0
56,32322,75757,634,144,12,1
32,16474,48497,731,351,10,1
30,42729,56240,600,217,6,0
25,72653,200533,811,277,8,0
44,20771,60338,550,272,12,1
57,57029,103892,796,72,9,0
49,48163,86117,583,294,7,0
64,60632,58329,668,341,4,0
37,64834,118760,630,238,11,0
34,27393,87965,631,341,12,1
44,16493,60417,719,305,1,1
30,29928,74711,779,240,1,0
68,65449,92131,765,172,2,0
30,29789,84138,627,309,5,1
44,27399,83253,673,66,2,1
46,14739,22539,592,202,11,1
23,105236,353406,602,294,11,1
43,63205,36196,577,340,3,0
43,61294,20827,633,96,10,0
33,68340,51596,690,33,2,0
27,55116,48349,514,120,10,0
23,35088,124634,657,311,5,1
21,36678,68677,782,189,1,0
44,31724,41788,749,20,6,1
25,170947,322676,654,43,10,1
68,54489,95950,555,122,12,1
32,31098,44016,696,123,2,0
52,51845,42006,480,48,11,1
54,23018,62767,746,178,4,0
45,91810,73947,660,172,6,0
64,27901,88420,805,71,2,1
26,52870,55315,528,83,12,0
32,72134,216840,745,239,10,1
33,49594,162701,657,343,8,1
27,42275,32286,636,359,9,0
35,40374,25071,553,201,11,0
36,38908,148373,709,13,2,1
58,29226,58840,713,324,3,0
35,31344,82493,802,343,1,0
63,90561,34962,758,100,6,0
58,37809,50332,614,144,6,0
65,26051,56530,578,9,1,1
26,30213,108133,550,289,8,1
69,73512,95884,790,280,1,0
51,58197,184380,605,7,10,1
69,54621,150218,785,253,9,0
38,34834,25307,702,148,10,0
67,55014,76221,693,196,2,0
49,28171,33245,634,78,11,0
24,34794,67408,713,294,7,0
41,68418,181358,669,145,11,1
27,64916,123578,640,303,9,0
67,23387,28176,713,53,8,0
35,25071,72073,646,212,1,0
31,42608,104924,599,111,9,1
48,103712,230392,729,348,6,0
41,13995,32907,649,201,11,0
25,46774,52435,703,259,9,0
61,18829,53052,619,31,1,1
62,28314,49089,562,244,11,1
57,32845,54024,799,36,1,0
51,31848,27199,783,130,4,0
40,29924,75058,730,80,3,0
47,40294,101938,631,0,12,1
46,29900,46617,635,211,2,0
29,17955,62509,766,86,11,1
25,61631,211283,640,185,3,0
33,60723,42719,618,275,8,0
43,63815,183254,819,64,2,0
28,17199,30222,651,256,5,0
26,47307,189178,806,107,8,0
62,58209,65927,556,119,9,0
39,22762,30454,698,208,11,0
49,40338,78086,828,225,10,0
46,37649,48727,664,236,7,0
57,110546,316203,662,70,4,1
57,115667,240513,591,209,4,0
35,16068,17952,741,95,12,0
62,158207,343876,636,99,8,0
39,24261,87061,650,342,11,1
61,68828,222443,572,36,6,0
40,68444,146858,795,149,6,0
26,23211,31739,749,158,10,0
58,52643,50831,663,88,9,0
22,37830,134297,569,283,3,0
58,54441,159382,789,175,7,1
23,45564,110128,634,259,3,1
31,77496,275414,585,139,10,1
50,41834,31386,522,323,1,0
67,36595,103389,609,263,10,1
41,73338,80806,556,120,12,1
26,55228,41208,617,347,1,0
32,60024,121414,728,312,8,0
64,27847,48269,628,213,1,0
56,22586,85428,685,5,5,1
25,29371,44019,601,213,5,0
39,28525,94564,664,249,7,0
33,61846,189908,822,131,12,0
29,68651,190254,643,51,6,1
62,36852,136554,692,203,5,1
51,88169,159526,551,289,2,1
29,85192,148386,797,115,11,0
52,45884,41089,626,164,4,0
41,25539,33720,742,0,6,0
24,95459,339373,669,254,2,1
43,38810,79763,711,312,4,0
30,43019,67239,717,280,7,0
33,33297,36614,624,155,11,1
64,24603,51527,745,16,4,0
55,17894,52817,595,177,7,1
27,56845,77352,729,339,11,0
62,26085,80956,627,30,5,1
49,215937,500000,743,77,4,0
63,22085,70981,620,302,1,1
57,20099,24689,660,205,11,0
37,53134,139998,580,61,2,1
47,93071,80862,698,8,3,0
47,41586,68453,666,148,2,0
56,54980,163848,623,214,9,1
33,14560,38397,650,303,5,0
37,27650,27514,669,319,9,0
32,22237,77293,607,165,8,1
35,14154,7040,644,152,1,0
28,42802,107103,582,336,4,1
22,12000,47282,841,280,1,0
67,19395,43960,741,75,1,0
24,29868,97444,681,245,6,1
64,25407,63573,751,258,4,0
21,49912,159590,507,84,2,0
59,47480,129416,460,353,5,1
37,65617,187480,638,107,6,1
46,60707,69382,558,198,12,0
34,75165,228858,654,178,8,1
45,40093,47320,678,249,5,0
43,47425,186303,738,325,6,0
46,53174,60768,575,141,2,0
40,43387,51011,695,138,5,0
47,32259,112167,661,271,7,1
61,33428,40082,688,343,1,0
42,25600,41865,616,328,12,0
38,50609,149001,776,271,7,0
27,38112,33819,653,253,10,0
38,27869,24763,800,277,4,0
27,27883,58541,595,337,11,1
29,20625,24785,716,3,5,0
67,68759,80581,666,212,12,0
25,41908,14005,636,12,7,0
44,24971,41718,708,208,8,0
61,62611,92509,645,142,3,0
67,29488,12246,446,109,12,1
28,18517,48118,411,321,3,1
29,70381,184301,773,256,1,1
39,29870,16786,757,204,6,0
48,32052,47214,811,318,11,0
68,41054,144895,661,35,12,1
31,75239,184638,569,233,11,1
29,40580,74030,629,56,7,1
33,20754,41941,657,84,12,0
63,54129,57952,586,66,6,0
22,30738,101557,791,196,6,0
39,113364,417386,850,227,3,0
26,40110,147182,700,272,10,1
28,12000,13543,653,159,4,0
65,48852,70823,561,339,3,0
21,116953,104592,809,134,5,0
36,95488,137182,685,56,8,0
65,109867,168248,660,13,4,0
50,22905,60526,695,46,5,0
24,66283,66395,623,160,4,0
43,26981,99877,670,149,8,1
68,45404,30941,548,308,9,0
40,19928,6486,743,45,9,0
46,28157,97516,650,94,2,1
47,27669,80349,751,353,5,1
53,65789,106238,654,10,8,0
30,62342,156064,658,153,3,1
62,46735,52676,567,71,1,0
69,19097,17627,717,192,4,0
27,33813,69088,590,351,9,1
61,26626,42783,619,81,8,0
61,64752,166824,670,133,2,0
57,76726,84947,683,162,9,0
39,71755,197529,535,288,3,1
43,26493,83119,639,355,9,0
62,12000,10999,717,34,7,0
28,15187,7021,624,176,2,0
61,87719,168988,658,271,5,0
66,32187,101836,673,3,10,1
54,26558,71916,648,291,6,1
37,99058,286967,597,87,9,1
48,80486,144111,671,187,9,0
23,40678,47565,742,353,1,0
66,34154,77447,576,229,12,1
37,37322,39418,631,357,5,0
23,45476,135839,553,217,10,1
59,96764,99548,754,75,6,0
53,50633,69756,658,250,7,0
51,59833,130090,600,222,5,0
23,76351,160400,680,112,11,1
57,21093,53221,560,27,2,0
52,60790,116628,586,234,11,1
59,34132,126358,543,208,3,1
61,12000,40893,568,279,11,1
31,12450,44231,762,45,1,1
31,22926,60277,598,194,1,0
66,53754,142423,703,295,2,0
47,42727,109126,596,321,7,1
42,44418,84797,724,339,4,0
35,117362,175080,603,76,8,0
52,19970,49734,659,62,10,1
57,39534,15595,666,207,1,0
21,47450,15544,850,167,7,0
48,26770,92385,708,84,9,1
69,40765,19232,615,36,6,0
34,16648,37321,710,51,12,0
34,87155,224464,847,122,8,0
